{"cameraMode":{"drawMode":0,"name":"Shaded","section":"Shading Mode"},"sceneLighting":false,"audioPlay":false,"sceneViewState":{"m_AlwaysRefresh":false,"showFog":true,"showSkybox":false,"showFlares":true,"showImageEffects":true,"showParticleSystems":true,"showVisualEffectGraphs":true,"m_FxEnabled":true},"in2DMode":false,"pivot":{"x":12.196813583374024,"y":1.1801345348358155,"z":19.61612892150879},"rotation":{"x":0.25348275899887087,"y":-0.25317808985710146,"z":0.06892699003219605,"w":0.9310568571090698},"size":5.910465240478516,"orthographic":false}