{"cameraMode":{"drawMode":0,"name":"Shaded","section":"Shading Mode"},"sceneLighting":false,"audioPlay":false,"sceneViewState":{"m_AlwaysRefresh":false,"showFog":true,"showSkybox":false,"showFlares":true,"showImageEffects":true,"showParticleSystems":true,"showVisualEffectGraphs":true,"m_FxEnabled":true},"in2DMode":false,"pivot":{"x":10.64970588684082,"y":4.0182576179504398,"z":-22.077051162719728},"rotation":{"x":0.10971327126026154,"y":-0.28662747144699099,"z":0.032492365688085559,"w":0.9508593678474426},"size":1.1983110904693604,"orthographic":false}