{"cameraMode":{"drawMode":0,"name":"Shaded","section":"Shading Mode"},"sceneLighting":false,"audioPlay":false,"sceneViewState":{"m_AlwaysRefresh":false,"showFog":true,"showSkybox":false,"showFlares":true,"showImageEffects":true,"showParticleSystems":true,"showVisualEffectGraphs":true,"m_FxEnabled":true},"in2DMode":false,"pivot":{"x":4.035793304443359,"y":0.9428855180740356,"z":-12.72252082824707},"rotation":{"x":-0.22194571793079377,"y":0.0005822463426738977,"z":-0.0001326624333159998,"w":-0.9750586748123169},"size":4.044217586517334,"orthographic":false}