{"cameraMode":{"drawMode":0,"name":"Shaded","section":"Shading Mode"},"sceneLighting":false,"audioPlay":false,"sceneViewState":{"m_AlwaysRefresh":false,"showFog":true,"showSkybox":false,"showFlares":true,"showImageEffects":true,"showParticleSystems":true,"showVisualEffectGraphs":true,"m_FxEnabled":true},"in2DMode":false,"pivot":{"x":12.501668930053711,"y":3.0878450870513918,"z":-17.488195419311525},"rotation":{"x":0.0512852780520916,"y":-0.13015714287757874,"z":0.006326829083263874,"w":0.9898746013641357},"size":2.5467143058776857,"orthographic":false}