{"cameraMode":{"drawMode":0,"name":"Shaded","section":"Shading Mode"},"sceneLighting":false,"audioPlay":false,"sceneViewState":{"m_AlwaysRefresh":false,"showFog":true,"showSkybox":false,"showFlares":true,"showImageEffects":true,"showParticleSystems":true,"showVisualEffectGraphs":true,"m_FxEnabled":true},"in2DMode":false,"pivot":{"x":9.212565422058106,"y":2.343202590942383,"z":41.74254608154297},"rotation":{"x":0.047173354774713519,"y":-0.026873942464590074,"z":0.001031960011459887,"w":0.9983346462249756},"size":15.648675918579102,"orthographic":false}