{"cameraMode":{"drawMode":0,"name":"Shaded","section":"Shading Mode"},"sceneLighting":false,"audioPlay":false,"sceneViewState":{"m_AlwaysRefresh":false,"showFog":true,"showSkybox":false,"showFlares":true,"showImageEffects":true,"showParticleSystems":true,"showVisualEffectGraphs":true,"m_FxEnabled":true},"in2DMode":false,"pivot":{"x":736.37353515625,"y":347.99407958984377,"z":18.23394775390625},"rotation":{"x":0.031803473830223086,"y":-0.006001792382448912,"z":0.00018992945842910558,"w":0.9994598031044006},"size":386.6967468261719,"orthographic":false}